{
  "layer_profiles": {
    "Large-baseline": {
      "0": 0.1884879171848297,
      "1": 0.21026569604873657,
      "2": 0.21961059669653574,
      "3": 0.227715273698171,
      "4": 0.21844090024630228,
      "5": 0.2039525955915451,
      "-1": 0.2030095805724462
    },
    "Large+embed(aux)": {
      "0": 0.20565089086691538,
      "1": 0.22070387999216715,
      "2": 0.25606483221054077,
      "3": 0.24286041657129923,
      "4": 0.21461516122023264,
      "5": 0.21305458744366965,
      "-1": 0.22072017192840576
    },
    "Large+embed(noaux)": {
      "0": 0.19923807680606842,
      "1": 0.17326449851195017,
      "2": 0.19490979115168253,
      "3": 0.19507997731367746,
      "4": 0.18046539525190988,
      "5": 0.16988045970598856,
      "-1": 0.17349970837434134
    }
  },
  "peak_layer": {
    "Large-baseline": 3,
    "Large+embed(aux)": 2,
    "Large+embed(noaux)": 0
  },
  "layer_2_prominence": {
    "Large-baseline": 1.0525545892581096,
    "Large+embed(aux)": 1.166046628013518,
    "Large+embed(noaux)": 1.0714940634246388
  }
}